;CD1_D2_up;CD1_D2_do;CD1_D3_up;CD1_D3_do;CD1_D4_up;CD1_D4_do;CD2_D3_up;CD2_D3_do;CD2_D4_up;CD2_D4_do;CD3_D4_up;CD3_D4_do;HSD1_D2_up;HSD1_D2_do;HSD1_D3_up;HSD1_D3_do;HSD1_D4_up;HSD1_D4_do;HSD2_D3_up;HSD2_D3_do;HSD2_D4_up;HSD2_D4_do;HSD3_D4_up;HSD3_D4_do;RAD1_D2_up;RAD1_D2_do;RAD1_D3_up;RAD1_D3_do;RAD1_D4_up;RAD1_D4_do;RAD2_D3_up;RAD2_D3_do;RAD2_D4_up;RAD2_D4_do;RAD3_D4_up;RAD3_D4_do;abund_Total;log10;Kingdom;Phylum;Class;Order;Family;Genus;Species
OTU-1;1;0;1;0;1;0;0;0;0;0;0;0;0;0;0;0;0;0;0;0;0;0;0;0;1;0;1;0;0;0;0;0;0;0;0;0;233741;5.368734898;k_Bacteria;p_Proteobacteria;c_Betaproteobacteria;o_Burkholderiales;f_Comamonadaceae;g_Ramlibacter;s_
OTU-10;0;1;0;1;0;0;0;0;0;0;0;0;0;0;0;0;1;0;0;0;0;0;0;0;0;0;0;0;0;0;0;0;0;0;0;0;61866;4.791452037;k_Bacteria;p_Proteobacteria;c_Betaproteobacteria;o_Burkholderiales;f_Alcaligenaceae;g_Achromobacter;s_
OTU-101;1;0;1;0;1;0;0;0;0;0;0;0;0;0;0;0;0;0;0;0;0;0;0;0;0;0;0;0;0;0;0;0;0;0;0;0;11348;4.054919327;k_Bacteria;p_Proteobacteria;c_Gammaproteobacteria;o_Xanthomonadales;f_Sinobacteraceae;g_;s_
OTU-10443;0;1;0;1;0;1;0;0;0;0;0;0;0;0;0;0;0;0;0;0;0;0;0;0;0;0;0;0;0;0;0;0;0;0;0;0;2040;3.309630167;k_Bacteria;p_Bacteroidetes;c_Flavobacteriia;o_Flavobacteriales;f_Flavobacteriaceae;g_Flavobacterium;s_
OTU-1047;0;1;0;0;0;0;0;0;0;0;0;0;0;0;0;0;0;0;0;0;0;0;0;0;0;1;0;1;0;0;0;0;0;0;0;0;1490;3.173186268;k_Bacteria;p_Proteobacteria;c_Gammaproteobacteria;o_Enterobacteriales;f_Enterobacteriaceae;g_Yersinia;s_
OTU-1049;0;0;0;0;0;0;0;0;0;0;0;0;0;0;0;0;0;0;0;0;0;0;0;0;0;0;0;1;0;0;0;0;0;0;0;0;14281;4.154758619;k_Bacteria;p_Proteobacteria;c_Gammaproteobacteria;o_Xanthomonadales;f_Xanthomonadaceae;g_Pseudoxanthomonas;s_mexicana
OTU-1064;1;0;1;0;1;0;0;0;0;0;0;0;0;0;0;0;0;0;0;0;0;0;0;0;0;0;1;0;0;0;0;0;0;0;0;0;9196;3.963598963;k_Bacteria;p_Bacteroidetes;c_[Saprospirae];o_[Saprospirales];f_Chitinophagaceae;g_;s_
OTU-108;1;0;1;0;1;0;0;0;0;0;0;0;0;0;0;0;0;0;0;0;0;0;0;0;0;0;0;0;0;0;0;0;0;0;0;0;5925;3.772688355;k_Bacteria;p_Actinobacteria;c_MB-A2-108;o_0319-7L14;f_;g_;s_
OTU-1087;0;0;0;0;1;0;0;0;0;0;0;0;0;0;0;0;0;0;0;0;0;0;0;0;0;0;0;0;0;0;0;0;0;0;0;0;3813;3.581266805;k_Bacteria;p_Proteobacteria;c_Gammaproteobacteria;o_Alteromonadales;f_Alteromonadaceae;g_Cellvibrio;s_
OTU-11;1;0;1;0;1;0;0;0;0;0;0;0;0;0;0;0;0;0;0;0;0;0;0;0;0;0;0;0;0;0;0;0;0;0;0;0;10184;4.007918391;k_Bacteria;p_Gemmatimonadetes;c_Gemm-3;o_;f_;g_;s_
OTU-11225;0;0;0;0;0;0;0;0;0;0;0;0;0;0;1;0;0;0;0;0;0;0;0;0;0;0;0;0;0;0;0;0;0;0;0;0;2581;3.411788005;k_Bacteria;p_Firmicutes;c_Bacilli;o_Bacillales;f_Paenibacillaceae;g_Cohnella;s_
OTU-11857;0;1;0;0;0;0;0;0;0;0;0;0;0;0;0;0;0;0;0;0;0;0;0;0;0;0;0;0;0;0;0;0;0;0;0;0;892;2.950364854;k_Bacteria;p_Firmicutes;c_Clostridia;o_Clostridiales;f_Clostridiaceae;g_Clostridium;s_
OTU-12;1;0;1;0;1;0;0;0;0;0;0;0;0;0;0;0;1;0;0;0;0;0;0;0;0;0;0;0;0;0;0;0;0;0;0;0;34458;4.537290067;k_Bacteria;p_Proteobacteria;c_Alphaproteobacteria;o_Sphingomonadales;f_Sphingomonadaceae;g_Sphingomonas;s_
OTU-1245;0;1;0;1;0;1;0;0;0;0;0;0;0;0;0;0;0;0;0;0;0;0;0;0;0;1;0;0;0;0;0;0;0;0;0;0;794;2.899820502;k_Bacteria;p_Proteobacteria;c_Deltaproteobacteria;o_Myxococcales;f_Myxococcaceae;g_Anaeromyxobacter;s_
OTU-12491;0;1;0;0;0;0;0;0;0;0;0;0;0;0;0;0;0;0;0;0;0;0;0;0;0;0;0;0;0;0;0;0;0;0;0;0;7270;3.861534411;k_Bacteria;p_Proteobacteria;c_Gammaproteobacteria;o_Enterobacteriales;f_Enterobacteriaceae;_;s_
OTU-13;1;0;1;0;1;0;0;0;0;0;0;0;0;0;0;0;0;0;0;0;0;0;0;0;0;0;0;0;0;0;0;0;0;0;0;0;7734;3.888404168;k_Bacteria;p_Proteobacteria;c_Betaproteobacteria;o_;f_;g_;s_
OTU-14;0;0;0;0;1;0;0;0;0;0;0;0;0;0;0;0;0;0;0;0;0;0;0;0;0;0;0;0;0;0;0;0;0;0;0;0;66062;4.819951718;k_Bacteria;p_Proteobacteria;c_Gammaproteobacteria;_;_;_;s_
OTU-147;0;0;1;0;1;0;0;0;0;0;0;0;0;0;0;0;0;0;0;0;0;0;0;0;0;0;0;0;0;0;0;0;0;0;0;0;4179;3.621072371;k_Bacteria;p_Actinobacteria;c_Thermoleophilia;o_Gaiellales;f_Gaiellaceae;g_;s_
OTU-1509;1;0;0;0;0;0;0;0;0;0;0;0;0;0;0;0;0;0;0;0;0;0;0;0;0;0;0;0;0;0;0;0;0;0;0;0;1706;3.231979027;k_Bacteria;p_Proteobacteria;c_Deltaproteobacteria;o_Myxococcales;f_;g_;s_
OTU-15104;0;1;0;1;0;1;0;0;0;0;0;0;0;0;0;0;0;0;0;0;0;0;0;0;0;0;0;0;0;0;0;0;0;0;0;0;1371;3.137037455;k_Bacteria;p_Firmicutes;c_Clostridia;o_Clostridiales;f_Ruminococcaceae;g_Clostridium;s_thermosuccinogenes
OTU-15247;0;0;0;0;0;0;0;0;0;0;0;0;0;0;0;0;0;0;0;0;0;0;0;0;0;0;1;0;1;0;0;0;0;0;0;0;2492;3.396548038;k_Bacteria;p_Proteobacteria;c_Gammaproteobacteria;o_Xanthomonadales;f_Xanthomonadaceae;g_Xanthomonas;s_
OTU-16;1;0;1;0;0;0;0;0;0;0;0;0;0;0;0;0;0;0;0;0;0;0;0;0;0;0;0;0;0;0;0;0;0;0;0;0;3913;3.592509848;k_Bacteria;p_Acidobacteria;c_iii1-8;o_DS-18;f_;g_;s_
OTU-163;0;1;0;1;0;1;0;0;0;0;0;0;0;0;0;0;0;0;0;0;0;0;0;0;0;0;0;0;0;0;0;0;0;0;0;0;235766;5.372481175;k_Bacteria;p_Proteobacteria;c_Gammaproteobacteria;o_Pseudomonadales;f_Pseudomonadaceae;g_Pseudomonas;s_
OTU-173014;0;1;0;0;0;0;0;0;0;0;0;0;0;0;0;0;0;0;0;0;0;0;0;0;0;0;0;0;0;0;0;0;0;0;0;0;5233;3.718750735;k_Bacteria;p_Proteobacteria;c_Gammaproteobacteria;o_Pseudomonadales;f_Pseudomonadaceae;g_Pseudomonas;s_viridiflava
OTU-177;1;0;0;0;0;0;0;0;0;0;0;0;0;0;0;0;0;0;0;0;0;0;0;0;0;0;0;0;0;0;0;0;0;0;0;0;9478;3.976716704;k_Bacteria;p_Proteobacteria;c_Alphaproteobacteria;_;_;_;s_
OTU-1789;0;0;0;0;0;1;0;0;0;0;0;0;0;1;0;1;0;1;0;0;0;0;0;0;0;0;0;0;0;0;0;0;0;0;0;0;24181;4.383474257;k_Bacteria;p_Firmicutes;c_Bacilli;o_Bacillales;f_Bacillaceae;g_Bacillus;s_muralis
OTU-18;1;0;1;0;1;0;0;0;0;0;0;0;0;0;0;0;0;0;0;0;0;0;0;0;1;0;1;0;1;0;0;0;0;0;0;0;11507;4.060962113;k_Bacteria;p_Proteobacteria;c_Alphaproteobacteria;o_Sphingomonadales;f_Erythrobacteraceae;_;s_
OTU-180;1;0;1;0;1;0;0;0;0;0;0;0;0;0;0;0;0;0;0;0;0;0;0;0;0;0;0;0;0;0;0;0;0;0;0;0;11693;4.06792595;k_Bacteria;p_Proteobacteria;c_Gammaproteobacteria;o_Xanthomonadales;f_Xanthomonadaceae;g_Thermomonas;s_
OTU-181;0;0;0;0;0;0;0;0;0;0;0;0;0;0;0;0;1;0;0;0;0;0;0;0;0;0;0;0;0;0;0;0;0;0;0;0;10257;4.011020356;k_Bacteria;p_Proteobacteria;c_Alphaproteobacteria;o_Sphingomonadales;f_Sphingomonadaceae;g_Kaistobacter;s_
OTU-184;1;0;1;0;1;0;0;0;0;0;0;0;0;0;0;0;0;0;0;0;0;0;0;0;0;0;1;0;0;0;0;0;0;0;0;0;16222;4.210104397;k_Bacteria;p_Gemmatimonadetes;c_Gemm-5;o_;f_;g_;s_
OTU-187913;0;0;0;0;0;0;0;0;0;0;0;0;1;0;0;0;0;0;0;0;0;0;0;0;0;0;0;0;0;0;0;0;0;0;0;0;1649;3.217220656;k_Bacteria;p_Actinobacteria;c_Actinobacteria;o_Actinomycetales;f_Micromonosporaceae;_;s_
OTU-18848;0;1;0;1;0;1;0;0;0;0;0;0;0;0;0;0;0;0;0;0;0;0;0;0;0;1;0;0;0;0;0;0;0;0;0;0;6517;3.814047721;k_Bacteria;p_Proteobacteria;c_Gammaproteobacteria;o_Pseudomonadales;f_Pseudomonadaceae;g_Pseudomonas;s_umsongensis
OTU-189;0;0;0;0;0;0;0;0;0;0;0;0;0;0;0;0;0;0;0;0;0;0;0;0;0;0;0;1;0;1;0;0;0;0;0;0;18341;4.263423011;k_Bacteria;p_Proteobacteria;c_Betaproteobacteria;o_Burkholderiales;f_Oxalobacteraceae;g_;s_
OTU-190525;0;0;0;0;0;0;0;0;0;0;0;0;1;0;1;0;1;0;0;0;0;0;0;0;0;0;0;0;0;0;0;0;0;0;0;0;8908;3.949780208;k_Bacteria;p_Actinobacteria;c_Actinobacteria;o_Actinomycetales;f_Micromonosporaceae;_;s_
OTU-197;1;0;1;0;1;0;0;0;0;0;0;0;0;0;0;0;0;0;0;0;0;0;0;0;0;0;0;0;0;0;0;0;0;0;0;0;15995;4.203984244;k_Bacteria;p_Proteobacteria;c_Alphaproteobacteria;o_Rhodospirillales;f_Rhodospirillaceae;g_;s_
OTU-2;1;0;1;0;1;0;0;0;0;0;0;0;0;0;0;0;0;0;0;0;0;0;0;0;1;0;1;0;1;0;0;0;0;0;0;0;128016;5.107264253;k_Bacteria;p_Gemmatimonadetes;c_Gemm-3;o_;f_;g_;s_
OTU-200;1;0;1;0;1;0;0;0;0;0;0;0;0;0;0;0;0;0;0;0;0;0;0;0;0;0;0;0;0;0;0;0;0;0;0;0;6631;3.821579028;k_Bacteria;p_Proteobacteria;c_Alphaproteobacteria;o_Caulobacterales;f_Caulobacteraceae;g_Phenylobacterium;s_
OTU-202;0;0;0;0;0;0;0;0;0;0;0;0;0;0;0;0;0;0;0;0;0;0;0;0;0;0;0;1;0;1;0;0;0;0;0;0;13916;4.14351442;k_Bacteria;p_Proteobacteria;c_Gammaproteobacteria;o_Xanthomonadales;f_Xanthomonadaceae;g_Lysobacter;s_
OTU-203;1;0;1;0;1;0;0;0;0;0;0;0;0;0;0;0;0;0;0;0;0;0;0;0;0;0;0;0;0;0;0;0;0;0;0;0;9608;3.982632994;k_Bacteria;p_Proteobacteria;c_Alphaproteobacteria;o_Rhizobiales;f_Hyphomicrobiaceae;g_Rhodoplanes;s_
OTU-212218;0;0;0;0;0;0;0;0;0;0;0;0;1;0;0;0;0;0;0;0;0;0;0;0;0;0;0;0;0;0;0;0;0;0;0;0;5067;3.704750904;k_Bacteria;p_Actinobacteria;c_Actinobacteria;o_Actinomycetales;f_Thermomonosporaceae;g_Actinomadura;s_alba
OTU-21416;1;0;0;0;1;0;0;0;0;0;0;0;0;0;0;0;0;0;0;0;0;0;0;0;0;0;0;0;0;0;0;0;0;0;0;0;937;2.971739591;k_Bacteria;p_Chloroflexi;c_TK10;o_AKYG885;f_Dolo;23_g;_s
OTU-2159;0;1;0;0;0;0;0;0;0;0;0;0;0;0;0;0;0;0;0;0;0;0;0;0;0;0;0;0;0;0;0;0;0;0;0;0;4121;3.615002615;k_Bacteria;p_Proteobacteria;c_Gammaproteobacteria;o_Xanthomonadales;f_Xanthomonadaceae;g_Stenotrophomonas;s_
OTU-216;1;0;1;0;1;0;0;0;0;0;0;0;0;0;0;0;0;0;0;0;0;0;0;0;0;0;0;0;0;0;0;0;0;0;0;0;13357;4.125708926;k_Bacteria;p_Acidobacteria;c_Acidobacteria-6;o_iii1-15;f_;g_;s_
OTU-22229;1;0;1;0;0;0;0;0;0;0;0;0;0;0;0;0;0;0;0;0;0;0;0;0;0;0;0;0;0;0;0;0;0;0;0;0;4104;3.613207352;k_Bacteria;p_OD1;c_SM2F11;o_;f_;g_;s_
OTU-23;0;1;0;1;0;1;0;0;0;0;0;0;0;0;0;0;0;0;0;0;0;0;0;0;0;1;0;0;0;0;0;0;0;0;0;0;94132;4.973737286;k_Bacteria;p_Proteobacteria;c_Gammaproteobacteria;o_Enterobacteriales;f_Enterobacteriaceae;g_Citrobacter;s_
OTU-23946;1;0;1;0;1;0;0;0;0;0;0;0;0;0;0;0;0;0;0;0;0;0;0;0;0;0;0;0;0;0;0;0;0;0;0;0;3460;3.539076099;k_Bacteria;p_Chloroflexi;c_Chloroflexi;o_AKIW781;f_;g_;s_
OTU-24274;1;0;1;0;1;0;0;0;0;0;0;0;0;0;0;0;0;0;0;0;0;0;0;0;0;0;0;0;0;0;0;0;0;0;0;0;2267;3.35545152;k_Bacteria;p_Chlorobi;c_OPB56;o_;f_;g_;s_
OTU-2440;0;1;0;1;0;1;0;0;0;0;0;0;0;0;0;0;0;0;0;0;0;0;0;0;0;0;0;0;0;0;0;0;0;0;0;0;1401;3.146438135;k_Bacteria;p_Firmicutes;c_Clostridia;o_Clostridiales;f_Ruminococcaceae;_;s_
OTU-245633;0;1;0;0;0;0;0;0;0;0;0;0;0;0;0;0;0;0;0;0;0;0;0;0;0;0;0;0;0;0;0;0;0;0;0;0;702;2.846337112;k_Bacteria;p_Proteobacteria;c_Alphaproteobacteria;o_Rhizobiales;f_Brucellaceae;_;v
OTU-2460;1;0;1;0;1;0;0;0;0;0;0;0;0;0;0;0;0;0;0;0;0;0;0;0;0;0;0;0;0;0;0;0;0;0;0;0;6138;3.788026884;k_Bacteria;p_Bacteroidetes;c_Cytophagia;o_Cytophagales;f_Cytophagaceae;g_;s_
OTU-251;0;0;0;0;0;0;0;0;0;0;0;0;0;1;0;1;0;1;0;0;0;0;0;0;0;0;0;0;0;0;0;0;0;0;0;0;10919;4.038182866;k_Bacteria;p_Firmicutes;c_Clostridia;o_Clostridiales;f_Clostridiaceae;g_Caloramator;s_
OTU-25171;0;1;0;1;0;1;0;0;0;0;0;0;0;0;0;0;0;0;0;0;0;0;0;0;0;0;0;0;0;0;0;0;0;0;0;0;1034;3.014520539;k_Bacteria;p_Proteobacteria;c_Gammaproteobacteria;o_Pseudomonadales;f_Moraxellaceae;g_Acinetobacter;s_
OTU-254;0;0;0;0;0;0;0;0;0;0;0;0;1;0;1;0;1;0;0;0;0;0;0;0;0;0;0;0;0;0;0;0;0;0;0;0;51906;4.715217562;k_Bacteria;p_Firmicutes;c_Bacilli;o_Bacillales;f_Paenibacillaceae;g_Cohnella;s_
OTU-2564;0;1;0;1;0;1;0;0;0;0;0;0;0;0;0;0;0;1;0;0;0;0;0;0;0;0;0;0;0;0;0;0;0;0;0;0;3017;3.47957531;k_Bacteria;p_Firmicutes;c_Clostridia;o_Clostridiales;f_Gracilibacteraceae;g_;s_
OTU-25956;1;0;1;0;0;0;0;0;0;0;0;0;0;0;0;0;0;0;0;0;0;0;0;0;1;0;1;0;0;0;0;0;0;0;0;0;2886;3.460296327;k_Bacteria;p_Proteobacteria;c_Alphaproteobacteria;o_Caulobacterales;f_Caulobacteraceae;_;s_
OTU-260613;1;0;1;0;1;0;0;0;0;0;0;0;0;0;0;0;0;0;0;0;0;0;0;0;0;0;0;0;0;0;0;0;0;0;0;0;6501;3.812980166;k_Bacteria;p_Proteobacteria;c_Gammaproteobacteria;o_Xanthomonadales;f_Xanthomonadaceae;g_Luteimonas;s_
OTU-262855;0;1;0;1;0;1;0;0;0;0;0;0;0;0;0;0;0;0;0;0;0;0;0;0;0;0;0;0;0;0;0;0;0;0;0;0;1569;3.195622944;k_Bacteria;p_Firmicutes;c_Clostridia;o_Clostridiales;f_Gracilibacteraceae;g_Gracilibacter;s_
OTU-265791;0;0;0;0;0;0;0;0;0;0;0;0;1;0;0;0;0;0;0;0;0;0;0;0;0;0;0;0;0;0;0;0;0;0;0;0;4914;3.691435152;k_Bacteria;p_Firmicutes;c_Bacilli;o_Bacillales;f_Planococcaceae;g_Paenisporosarcina;s_
OTU-26691;1;0;1;0;1;0;0;0;0;0;0;0;0;0;0;0;0;0;0;0;0;0;0;0;0;0;1;0;0;0;0;0;0;0;0;0;21902;4.340483775;k_Bacteria;p_Proteobacteria;c_Alphaproteobacteria;o_Sphingomonadales;f_Sphingomonadaceae;_;s_
OTU-268;0;0;0;1;0;0;0;0;0;0;0;0;0;0;0;1;0;1;0;0;0;0;0;0;0;0;0;0;0;0;0;0;0;0;0;0;9874;3.994493123;k_Bacteria;p_Firmicutes;c_Clostridia;o_Clostridiales;f_[Tissierellaceae];g_Sedimentibacter;s_
OTU-271;0;1;0;1;0;1;0;0;0;0;0;0;0;1;0;1;0;1;0;0;0;0;0;0;0;0;0;0;0;0;0;0;0;0;0;0;16807;4.2254902;k_Bacteria;p_Firmicutes;c_Clostridia;o_Clostridiales;f_Clostridiaceae;g_Clostridium;s_
OTU-276360;1;0;1;0;0;0;0;0;0;0;0;0;0;0;0;0;0;0;0;0;0;0;0;0;0;0;1;0;0;0;0;0;0;0;0;0;1655;3.218797998;k_Bacteria;p_Bacteroidetes;c_Sphingobacteriia;o_Sphingobacteriales;f_Sphingobacteriaceae;g_Pedobacter;s_
OTU-277;0;0;0;0;0;0;0;0;0;0;0;0;0;1;0;1;0;1;0;0;0;0;0;0;1;0;1;0;0;0;0;0;0;0;0;0;6989;3.84441504;k_Bacteria;p_Firmicutes;c_Bacilli;o_Bacillales;f_Paenibacillaceae;g_Paenibacillus;s_chondroitinus
OTU-277619;0;1;0;1;0;1;0;0;0;0;0;0;0;0;0;0;0;0;0;0;0;0;0;0;0;0;0;0;0;0;0;0;0;0;0;0;2731;3.4363217;k_Bacteria;p_Proteobacteria;c_Alphaproteobacteria;o_Caulobacterales;f_Caulobacteraceae;g_Brevundimonas;s_
OTU-28597;0;1;0;1;0;1;0;0;0;0;0;0;0;0;0;0;0;0;0;0;0;0;0;0;0;0;0;1;0;0;0;0;0;0;0;0;7838;3.894205259;k_Bacteria;p_Proteobacteria;c_Gammaproteobacteria;o_Pseudomonadales;f_Pseudomonadaceae;g_Pseudomonas;s_umsongensis
OTU-286;0;0;0;0;0;0;0;0;0;0;0;0;0;1;0;0;0;0;0;0;0;0;0;0;0;0;0;0;0;0;0;0;0;0;0;0;3998;3.60184279;k_Bacteria;p_Firmicutes;c_Bacilli;o_Bacillales;f_Alicyclobacillaceae;g_Alicyclobacillus;s_
OTU-3;0;0;0;0;0;0;0;0;0;0;0;0;0;1;0;0;0;1;0;0;0;0;0;0;0;0;0;0;0;0;0;0;0;0;0;0;297455;5.473421273;k_Bacteria;p_Firmicutes;c_Bacilli;o_Bacillales;f_Bacillaceae;g_Bacillus;s_selenatarsenatis
OTU-30;1;0;1;0;1;0;0;0;0;0;0;0;0;0;0;0;0;0;0;0;0;0;0;0;0;0;0;0;0;0;0;0;0;0;0;0;35352;4.548413989;k_Bacteria;p_Proteobacteria;c_Alphaproteobacteria;o_Ellin329;f_;g_;s_
OTU-302;0;0;1;0;0;0;0;0;0;0;0;0;1;0;0;0;1;0;0;0;0;0;0;0;0;0;0;0;0;0;0;0;0;0;0;0;30860;4.489395922;k_Bacteria;p_Firmicutes;c_Bacilli;o_Bacillales;f_;g_;s_
OTU-303759;1;0;0;0;1;0;0;0;0;0;0;0;0;0;0;0;0;0;0;0;0;0;0;0;0;0;0;0;0;0;0;0;0;0;0;0;5090;3.706717782;k_Bacteria;p_Proteobacteria;c_Alphaproteobacteria;o_Rhizobiales;f_Rhizobiaceae;g_Shinella;s_
OTU-311;1;0;1;0;1;0;0;0;0;0;0;0;1;0;1;0;1;0;0;0;0;0;0;0;0;0;1;0;1;0;0;0;0;0;0;0;17313;4.238372329;k_Bacteria;p_Firmicutes;c_Bacilli;o_Bacillales;f_Paenibacillaceae;g_Paenibacillus;s_
OTU-31465;0;1;0;0;0;0;0;0;0;0;0;0;0;0;0;0;0;0;0;0;0;0;0;0;0;0;0;0;0;0;0;0;0;0;0;0;816;2.911690159;k_Bacteria;p_Proteobacteria;c_Gammaproteobacteria;o_Enterobacteriales;f_Enterobacteriaceae;_;s_
OTU-315267;0;0;0;0;0;0;0;0;0;0;0;0;0;0;0;0;1;0;0;0;0;0;0;0;0;0;0;0;0;0;0;0;0;0;0;0;4347;3.63818964;k_Bacteria;p_Firmicutes;c_Bacilli;o_Bacillales;f_Bacillaceae;g_Bacillus;s_badius
OTU-319001;1;0;1;0;1;0;0;0;0;0;0;0;0;0;0;0;0;0;0;0;0;0;0;0;0;0;0;0;0;0;0;0;0;0;0;0;1132;3.053846427;k_Bacteria;p_Chloroflexi;c_Thermomicrobia;o_JG30-KF-CM45;f_;g_;s_
OTU-322;0;0;0;0;0;0;0;0;0;0;0;0;0;0;0;0;1;0;0;0;0;0;0;0;0;0;0;0;0;0;0;0;0;0;0;0;12885;4.110084423;k_Bacteria;p_Firmicutes;c_Bacilli;o_Bacillales;f_Paenibacillaceae;g_Paenibacillus;s_
OTU-323;0;0;0;0;0;0;0;0;0;0;0;0;1;0;0;0;1;0;0;0;0;0;0;0;0;0;0;0;0;0;0;0;0;0;0;0;9765;3.989672248;k_Bacteria;p_Firmicutes;c_Bacilli;o_Bacillales;f_Paenibacillaceae;g_Paenibacillus;s_
OTU-324451;0;1;0;1;0;0;0;0;0;0;0;0;0;0;0;0;0;0;0;0;0;0;0;0;0;0;0;0;0;0;0;0;0;0;0;0;18475;4.266584447;k_Bacteria;p_Proteobacteria;c_Gammaproteobacteria;o_Pseudomonadales;f_Pseudomonadaceae;g_Pseudomonas;s_
OTU-327;1;0;0;0;1;0;0;0;0;0;0;0;1;0;0;0;0;0;0;0;0;1;0;0;0;0;0;0;0;0;0;0;0;0;0;0;12347;4.091561448;k_Bacteria;p_Chloroflexi;c_Thermomicrobia;o_AKYG1722;f_;g_;s_
OTU-32733;0;1;0;0;0;0;0;0;0;0;0;0;0;0;0;0;0;0;0;0;0;0;0;0;0;0;0;0;0;0;0;0;0;0;0;0;3133;3.495960395;k_Bacteria;p_Proteobacteria;c_Gammaproteobacteria;o_Pseudomonadales;f_Pseudomonadaceae;g_Pseudomonas;s_viridiflava
OTU-329425;0;1;0;1;0;1;0;0;0;0;0;0;0;0;0;0;0;0;0;0;0;0;0;0;0;0;0;1;0;0;0;0;0;0;0;0;1724;3.236537261;k_Bacteria;p_Proteobacteria;c_Deltaproteobacteria;o_Myxococcales;f_Myxococcaceae;g_Anaeromyxobacter;s_
OTU-330;1;0;1;0;1;0;0;0;0;0;0;0;0;0;0;0;0;0;0;0;0;0;0;0;0;0;0;0;0;0;0;0;0;0;0;0;13185;4.120080134;k_Bacteria;p_Proteobacteria;c_Gammaproteobacteria;o_Xanthomonadales;f_Sinobacteraceae;g_Steroidobacter;s_
OTU-333255;0;0;0;0;0;0;0;0;0;0;0;0;0;1;0;1;0;1;0;0;0;0;0;0;0;0;0;0;0;0;0;0;0;0;0;0;2729;3.436003536;k_Bacteria;p_Firmicutes;c_Bacilli;o_Bacillales;f_Bacillaceae;g_Bacillus;s_
OTU-334010;0;0;0;0;0;0;0;0;0;0;0;0;0;1;0;0;0;1;0;0;0;0;0;0;0;0;0;0;0;0;0;0;0;0;0;0;7510;3.875639937;k_Bacteria;p_Firmicutes;c_Bacilli;o_Bacillales;f_Bacillaceae;g_Bacillus;s_foraminis
OTU-334302;0;1;0;0;0;0;0;0;0;0;0;0;0;1;0;1;0;1;0;0;0;0;0;0;0;0;0;0;0;0;0;0;0;0;0;0;1063;3.026533265;k_Bacteria;p_Firmicutes;c_Bacilli;o_Bacillales;f_Bacillaceae;g_Bacillus;s_coahuilensis
OTU-334694;0;0;0;0;0;0;0;0;0;0;0;0;0;1;0;1;0;1;0;0;0;0;0;0;0;0;0;0;0;0;0;0;0;0;0;0;1942;3.288249226;k_Bacteria;p_Firmicutes;c_Bacilli;o_Bacillales;f_Bacillaceae;g_Bacillus;s_
OTU-336520;0;0;0;0;0;0;0;0;0;0;0;0;1;0;0;0;0;0;0;0;0;0;0;0;0;0;0;0;0;0;0;0;0;0;0;0;1995;3.2999429;k_Bacteria;p_Proteobacteria;c_Alphaproteobacteria;o_Rhodospirillales;f_Rhodospirillaceae;_;s_
OTU-336614;0;0;0;0;0;0;0;0;0;0;0;0;0;1;0;1;0;1;0;0;0;0;0;0;0;0;0;0;0;0;0;0;0;0;0;0;707;2.849419414;k_Bacteria;p_Firmicutes;c_Bacilli;o_Bacillales;_;_;s_
OTU-337474;0;0;0;0;0;0;0;0;0;0;0;0;0;1;0;1;0;1;0;0;0;0;0;0;0;0;0;0;0;0;0;0;0;0;0;0;1175;3.070037867;k_Bacteria;p_Firmicutes;c_Clostridia;o_Clostridiales;f_Lachnospiraceae;_;s_
OTU-338254;0;0;0;1;0;0;0;0;0;0;0;0;0;0;0;0;0;0;0;0;0;0;0;0;0;0;0;0;0;0;0;0;0;0;0;0;878;2.943494516;k_Bacteria;p_Firmicutes;c_Clostridia;o_Clostridiales;f_Veillonellaceae;g_Sporomusa;s_
OTU-338359;0;0;0;0;0;0;0;0;0;0;0;0;1;0;0;0;1;0;0;0;0;0;0;0;0;0;0;0;0;0;0;0;0;0;0;0;1937;3.287129621;k_Bacteria;p_Firmicutes;c_Bacilli;o_Bacillales;f_Bacillaceae;g_Bacillus;s_
OTU-339922;0;0;0;0;0;0;0;0;0;0;0;0;0;1;0;1;0;1;0;0;0;0;0;0;0;0;0;0;0;0;0;0;0;0;0;0;1359;3.133219457;k_Bacteria;p_Firmicutes;c_Bacilli;o_Bacillales;f_Bacillaceae;_;s_
OTU-341750;0;0;0;0;0;0;0;0;0;0;0;0;0;1;0;1;0;1;0;0;0;0;0;0;0;0;0;0;0;0;0;0;0;0;0;0;2607;3.416141031;k_Bacteria;p_Firmicutes;c_Bacilli;o_Bacillales;f_Bacillaceae;g_Bacillus;s_selenatarsenatis
OTU-344638;0;0;0;0;0;0;0;0;0;0;0;0;0;1;0;1;0;1;0;0;0;0;0;0;0;0;0;0;0;0;0;0;0;0;0;0;6966;3.84298347;k_Bacteria;p_Firmicutes;c_Bacilli;o_Bacillales;f_Bacillaceae;g_Bacillus;s_
OTU-345849;0;0;0;0;0;0;0;0;0;0;0;0;0;1;0;1;0;1;0;0;0;0;0;0;0;0;0;0;0;0;0;0;0;0;0;0;912;2.959994838;k_Bacteria;p_Firmicutes;c_Bacilli;o_Bacillales;f_Bacillaceae;g_Bacillus;s_
OTU-346286;0;0;0;0;0;0;0;0;0;0;0;0;0;1;0;0;0;0;0;0;0;0;0;0;0;0;0;0;0;0;0;0;0;0;0;0;2488;3.395850376;k_Bacteria;p_Firmicutes;c_Bacilli;o_Bacillales;f_Bacillaceae;g_Bacillus;s_
OTU-351;0;0;0;0;0;0;0;0;0;0;0;0;1;0;0;0;0;0;0;0;0;0;0;0;0;0;0;0;0;0;0;0;0;0;0;0;1568;3.195346058;k_Bacteria;p_Firmicutes;c_Bacilli;o_Bacillales;f_Planococcaceae;g_Paenisporosarcina;s_
OTU-351442;0;1;0;1;0;1;0;0;0;0;0;0;0;0;0;0;0;0;0;0;0;0;0;0;0;0;0;0;0;0;0;0;0;0;0;0;3682;3.566083784;k_Bacteria;p_Firmicutes;c_Clostridia;o_Clostridiales;f_Gracilibacteraceae;g_Gracilibacter;s_
OTU-352119;0;1;0;1;0;1;0;0;0;0;0;0;0;0;0;0;0;0;0;0;0;0;0;0;0;0;0;1;0;0;0;0;0;0;0;0;1364;3.13481437;k_Bacteria;p_Proteobacteria;c_Alphaproteobacteria;o_Caulobacterales;f_Caulobacteraceae;g_Brevundimonas;s_poindexterae
OTU-353032;0;1;0;1;0;1;0;0;0;0;0;0;0;0;0;0;0;0;0;0;0;0;0;0;0;0;0;0;0;0;0;0;0;0;0;0;2670;3.426511261;k_Bacteria;p_Firmicutes;c_Clostridia;o_Clostridiales;f_Ruminococcaceae;g_Clostridium;s_hungatei
OTU-355819;0;0;0;0;0;0;0;0;0;0;0;0;1;0;0;0;0;0;0;0;0;0;0;0;0;0;0;0;0;0;0;0;0;0;0;0;5406;3.732876041;k_Bacteria;p_Firmicutes;c_Bacilli;o_Bacillales;f_Paenibacillaceae;g_Brevibacillus;s_
OTU-362;0;0;0;0;0;0;0;0;0;0;0;0;1;0;1;0;1;0;0;0;0;0;0;0;0;0;0;0;0;0;0;0;0;0;0;0;7549;3.877889425;k_Bacteria;p_Firmicutes;c_Bacilli;o_Bacillales;f_Paenibacillaceae;g_Paenibacillus;s_
OTU-364;0;1;0;1;0;1;0;0;0;0;0;0;0;0;0;0;0;0;0;0;0;0;0;0;0;1;0;0;0;0;0;0;0;0;0;0;5506;3.740836207;k_Bacteria;p_Bacteroidetes;c_Sphingobacteriia;o_Sphingobacteriales;f_Sphingobacteriaceae;g_Sphingobacterium;s_faecium
OTU-364528;0;0;0;0;0;0;0;0;0;0;0;0;1;0;1;0;1;0;0;0;0;0;0;0;0;0;0;0;0;0;0;0;0;0;0;0;1993;3.299507299;k_Bacteria;p_Actinobacteria;c_Actinobacteria;o_Actinomycetales;f_Micromonosporaceae;g_Micromonospora;s_carbonacea
OTU-366;0;1;0;1;0;1;0;0;0;0;0;0;0;0;0;0;0;0;0;0;0;0;0;0;0;0;0;0;0;0;0;0;0;0;0;0;5482;3.738939031;k_Bacteria;p_Firmicutes;c_Clostridia;o_Clostridiales;f_Caldicoprobacteraceae;g_Caldicoprobacter;s_
OTU-366536;0;0;0;0;0;0;0;0;0;0;0;0;1;0;0;0;1;0;0;0;0;0;0;0;0;0;0;0;0;0;0;0;0;0;0;0;2327;3.366796383;k_Bacteria;p_Firmicutes;c_Bacilli;o_Bacillales;_;_;s_
OTU-368;0;0;0;0;0;0;0;0;0;0;0;0;0;0;0;0;0;0;0;0;0;0;0;0;0;1;0;0;0;0;0;0;0;0;0;0;23361;4.368491429;k_Bacteria;p_Bacteroidetes;c_Sphingobacteriia;o_Sphingobacteriales;f_Sphingobacteriaceae;g_Pedobacter;s_
OTU-374;1;0;1;0;1;0;0;0;0;0;0;0;0;0;0;0;0;0;0;0;0;0;0;0;0;0;0;0;0;0;0;0;0;0;0;0;5106;3.70808081;k_Bacteria;p_Proteobacteria;c_Alphaproteobacteria;o_Rhizobiales;f_Bradyrhizobiaceae;g_;s_
OTU-375;1;0;0;0;1;0;0;0;0;0;0;0;0;0;0;0;0;0;0;0;0;0;0;0;1;0;1;0;0;0;0;0;0;0;0;0;4374;3.640878779;k_Bacteria;p_Verrucomicrobia;c_Verrucomicrobiae;o_Verrucomicrobiales;f_Verrucomicrobiaceae;g_;s_
OTU-375650;0;0;0;0;0;0;0;0;0;0;0;0;0;1;0;0;0;1;0;0;0;0;0;0;0;0;0;0;0;0;0;0;0;0;0;0;1284;3.108565024;k_Bacteria;p_Firmicutes;c_Bacilli;o_Bacillales;f_Bacillaceae;g_Bacillus;s_foraminis
OTU-376383;0;0;0;0;0;0;0;0;0;0;0;0;1;0;1;0;1;0;0;0;0;0;0;0;0;0;0;0;0;0;0;0;0;0;0;0;6723;3.827563111;k_Bacteria;p_Firmicutes;c_Bacilli;o_Bacillales;f_Planococcaceae;_;s_
OTU-377893;0;0;0;0;0;0;0;0;0;0;0;0;1;0;0;0;1;0;0;0;0;0;0;0;0;0;0;0;0;0;0;0;0;0;0;0;8668;3.937918903;k_Bacteria;p_Actinobacteria;c_Actinobacteria;o_Actinomycetales;f_Micromonosporaceae;_;s_
OTU-382;0;1;0;0;0;1;0;0;0;0;0;0;0;0;0;0;0;0;0;0;0;0;0;0;0;1;0;0;0;0;0;0;0;0;0;0;13745;4.138144744;k_Bacteria;p_Proteobacteria;c_Gammaproteobacteria;o_Aeromonadales;f_Aeromonadaceae;g_Aeromonas;s_caviae
OTU-383;0;1;0;1;0;1;0;0;0;0;0;0;0;0;0;0;0;0;0;0;0;0;0;0;0;1;0;1;0;1;0;0;0;0;0;0;1521;3.182129214;k_Bacteria;p_Acidobacteria;c_iii1-8;o_DS-18;f_;g_;s_
OTU-385;0;0;0;0;0;0;0;0;0;0;0;0;0;0;0;0;0;0;0;0;0;0;0;0;0;1;0;1;0;1;0;0;0;0;0;0;12587;4.099922232;k_Bacteria;p_Bacteroidetes;c_[Saprospirae];o_[Saprospirales];f_Chitinophagaceae;g_Chitinophaga;s_
OTU-387;0;1;0;1;0;1;0;0;0;0;0;0;0;0;0;0;0;0;0;0;0;0;0;0;0;1;0;1;0;1;0;0;0;0;0;0;3306;3.519302849;k_Bacteria;p_Bacteroidetes;c_Bacteroidia;o_Bacteroidales;f_;g_;s_
OTU-388;0;1;0;1;0;1;0;0;0;0;0;0;0;0;0;0;0;0;0;0;0;0;0;0;0;0;0;0;0;0;0;0;0;0;0;0;3582;3.554125582;k_Bacteria;p_Verrucomicrobia;c_Verrucomicrobiae;o_Verrucomicrobiales;f_Verrucomicrobiaceae;g_Luteolibacter;s_
OTU-389;1;0;1;0;1;0;0;0;0;0;0;0;0;0;0;0;0;0;0;0;0;0;0;0;0;0;0;0;0;0;0;0;0;0;0;0;3284;3.516403148;k_Bacteria;p_Proteobacteria;c_Alphaproteobacteria;o_Rhodospirillales;f_Rhodospirillaceae;g_;s_
OTU-390;0;1;0;1;0;1;0;0;0;0;0;0;0;1;0;1;0;1;0;0;0;0;0;0;0;1;0;1;0;1;0;0;0;0;0;0;11851;4.073754998;k_Bacteria;p_Firmicutes;c_Clostridia;o_Clostridiales;f_[Mogibacteriaceae];g_Anaerovorax;s_
OTU-391588;0;0;0;0;0;0;0;0;0;0;0;0;0;0;0;0;1;0;0;0;0;0;0;0;0;0;0;0;0;0;0;0;0;0;0;0;8158;3.911583701;k_Bacteria;p_Firmicutes;c_Bacilli;o_Bacillales;f_Bacillaceae;g_Bacillus;s_badius
OTU-395484;0;0;0;0;0;0;0;0;0;0;0;0;1;0;0;0;1;0;0;0;0;0;0;0;0;0;0;0;0;0;0;0;0;0;0;0;4464;3.649724186;k_Bacteria;p_Firmicutes;c_Bacilli;o_Bacillales;f_Paenibacillaceae;g_Paenibacillus;s_
OTU-40;1;0;1;0;1;0;0;0;0;0;0;0;0;0;0;0;0;0;0;0;0;0;0;0;0;0;1;0;1;0;0;0;0;0;0;0;13112;4.117668941;k_Bacteria;p_Bacteroidetes;c_Sphingobacteriia;o_Sphingobacteriales;f_;g_;s_
OTU-406369;0;1;0;1;0;1;0;0;0;0;0;0;0;0;0;0;0;0;0;0;0;0;0;0;0;0;0;0;0;0;0;0;0;0;0;0;1277;3.106190897;k_Bacteria;p_Proteobacteria;c_Betaproteobacteria;o_Burkholderiales;f_Comamonadaceae;g_Acidovorax;s_facilis
OTU-4105;1;0;1;0;0;0;0;0;0;0;0;0;0;0;0;0;0;0;0;0;0;0;0;0;0;0;0;0;0;0;0;0;0;0;0;0;1106;3.043755127;k_Bacteria;p_Acidobacteria;c_Acidobacteria-6;o_iii1-15;f_;g_;s_
OTU-410583;0;1;0;1;0;1;0;0;0;0;0;0;0;0;0;0;0;0;0;0;0;0;0;0;0;1;0;0;0;0;0;0;0;0;0;0;2747;3.438858659;k_Bacteria;p_Proteobacteria;c_Gammaproteobacteria;o_Pseudomonadales;f_Pseudomonadaceae;g_Pseudomonas;s_umsongensis
OTU-412994;0;1;0;0;0;0;0;0;0;0;0;0;0;0;0;0;0;0;0;0;0;0;0;0;0;0;0;0;0;0;0;0;0;0;0;0;3339;3.523616419;k_Bacteria;p_Bacteroidetes;c_Cytophagia;o_Cytophagales;f_Cytophagaceae;g_Dyadobacter;s_
OTU-420813;1;0;1;0;1;0;0;0;0;0;0;0;0;0;0;0;0;0;0;0;0;0;0;0;0;0;0;0;0;0;0;0;0;0;0;0;3889;3.589837943;k_Bacteria;p_Bacteroidetes;c_Sphingobacteriia;o_Sphingobacteriales;f_Sphingobacteriaceae;g_;s_
OTU-424995;0;1;0;0;0;1;0;0;0;0;0;0;0;0;0;0;0;0;0;0;0;0;0;0;0;1;0;0;0;0;0;0;0;0;0;0;10843;4.035149458;k_Bacteria;p_Proteobacteria;c_Gammaproteobacteria;o_Enterobacteriales;f_Enterobacteriaceae;_;s_
OTU-428088;0;1;0;0;0;0;0;0;0;0;0;0;0;0;0;0;0;0;0;0;0;0;0;0;0;0;0;0;0;0;0;0;0;0;0;0;10429;4.018242667;k_Bacteria;p_Proteobacteria;c_Betaproteobacteria;o_Burkholderiales;f_Alcaligenaceae;g_Achromobacter;s_
OTU-436;0;0;0;0;1;0;0;0;0;0;0;0;0;0;0;0;0;0;0;0;0;0;0;0;0;0;0;0;0;0;0;0;0;0;0;0;2736;3.437116093;k_Bacteria;p_Verrucomicrobia;c_Opitutae;o_Opitutales;f_Opitutaceae;g_;s_
OTU-44;1;0;1;0;1;0;0;0;0;0;0;0;0;0;0;0;0;0;0;0;0;0;0;0;0;0;0;0;0;0;0;0;0;0;0;0;16185;4.209112704;k_Bacteria;p_Proteobacteria;c_Deltaproteobacteria;o_Myxococcales;f_;g_;s_
OTU-441;0;1;0;1;0;0;0;0;0;0;0;0;0;0;0;0;0;0;0;0;0;0;0;0;0;0;0;0;0;0;0;0;0;0;0;0;11289;4.052655473;k_Bacteria;p_Chlorobi;c_OPB56;o_;f_;g_;s_
OTU-444;0;1;0;1;0;1;0;0;0;0;0;0;0;0;0;0;0;0;0;0;0;0;0;0;0;1;0;1;0;1;0;0;0;0;0;0;11296;4.052924684;k_Bacteria;p_Bacteroidetes;c_Sphingobacteriia;o_Sphingobacteriales;f_Sphingobacteriaceae;_;s_
OTU-448;0;0;1;0;1;0;0;0;0;0;0;0;1;0;0;0;1;0;0;0;0;0;0;0;1;0;1;0;1;0;0;0;0;0;0;0;10007;4.0003039;k_Bacteria;p_Firmicutes;c_Bacilli;o_Bacillales;f_Paenibacillaceae;g_Paenibacillus;s_
OTU-46;0;0;0;0;1;0;0;0;1;0;0;0;0;0;0;0;0;0;0;0;0;0;0;0;0;0;0;0;0;0;0;0;0;0;0;0;14058;4.147923539;k_Bacteria;p_Bacteroidetes;c_Flavobacteriia;o_Flavobacteriales;f_Cryomorphaceae;g_Fluviicola;s_
OTU-47125;0;0;0;0;0;0;0;0;0;0;0;0;0;0;0;0;0;0;0;0;0;0;0;0;1;0;1;0;1;0;0;0;0;0;0;0;1789;3.252610341;k_Bacteria;p_Gemmatimonadetes;c_Gemm-3;o_;f_;g_;s_
OTU-48;1;0;1;0;1;0;0;0;0;0;0;0;0;0;0;0;0;0;0;0;0;0;0;0;1;0;1;0;1;0;0;0;0;0;0;0;71525;4.854457866;k_Bacteria;p_Bacteroidetes;c_Cytophagia;o_Cytophagales;f_Cytophagaceae;g_;s_
OTU-48504;0;1;0;1;0;1;0;0;0;0;0;0;0;1;0;1;0;1;0;0;0;0;0;0;0;0;0;0;0;0;0;0;0;0;0;0;2662;3.425208051;k_Bacteria;p_Firmicutes;c_Clostridia;o_Clostridiales;f_Veillonellaceae;g_;s_
OTU-48587;0;1;0;1;0;1;0;0;0;0;0;0;0;0;0;0;0;0;0;0;0;0;0;0;0;0;0;0;0;0;0;0;0;0;0;0;1115;3.047274867;k_Bacteria;p_Firmicutes;c_Clostridia;o_Clostridiales;f_Clostridiaceae;g_Clostridium;s_
OTU-487;0;0;0;0;1;0;0;0;0;0;0;0;0;0;0;0;0;0;0;0;0;0;0;0;0;0;0;0;0;0;0;0;0;0;0;0;5518;3.741781696;k_Bacteria;p_Planctomycetes;c_Planctomycetia;o_Pirellulales;f_Pirellulaceae;g_;s_
OTU-48765;0;0;0;0;0;1;0;0;0;0;0;0;0;0;0;0;0;0;0;0;0;0;0;0;0;0;0;0;0;0;0;0;0;0;0;0;634;2.802089258;k_Bacteria;p_Firmicutes;c_Clostridia;o_Clostridiales;f_Clostridiaceae;g_Clostridium;s_
OTU-49;1;0;1;0;1;0;0;0;0;0;0;0;0;0;0;0;0;0;0;0;0;0;0;0;0;0;0;0;0;0;0;0;0;0;0;0;7203;3.857513415;k_Bacteria;p_Proteobacteria;c_Gammaproteobacteria;o_Alteromonadales;f_211ds20;g_;s_
OTU-49268;0;1;0;1;0;0;0;0;0;0;0;0;0;0;0;0;0;0;0;0;0;0;0;0;0;0;0;0;0;0;0;0;0;0;0;0;766;2.88422877;k_Bacteria;p_Firmicutes;c_Clostridia;o_Clostridiales;f_Ruminococcaceae;g_Clostridium;s_hungatei
OTU-49394;0;1;0;1;0;1;0;0;0;0;0;0;0;0;0;0;0;0;0;0;0;0;0;0;0;0;0;0;0;0;0;0;0;0;0;0;1354;3.131618664;k_Bacteria;p_Firmicutes;c_Clostridia;o_Clostridiales;f_Lachnospiraceae;_;s_
OTU-5;0;0;0;0;0;0;0;0;0;0;0;0;1;0;0;0;1;0;0;0;0;0;0;0;0;0;0;0;0;0;0;0;0;0;0;0;84722;4.927996199;k_Bacteria;p_Actinobacteria;c_Actinobacteria;o_Actinomycetales;f_Micromonosporaceae;g_;s_
OTU-50237;0;1;0;1;0;1;0;0;0;0;0;0;0;0;0;0;0;0;0;0;0;0;0;0;0;0;0;0;0;0;0;0;0;0;0;0;1083;3.034628457;k_Bacteria;p_Acidobacteria;c_Solibacteres;o_Solibacterales;f_AKIW659;g_;s_
OTU-52;1;0;0;0;0;0;0;0;0;0;0;0;0;0;0;0;0;0;0;0;0;0;0;0;0;0;0;0;0;0;0;0;0;0;0;0;21063;4.323520228;k_Bacteria;p_Bacteroidetes;c_Sphingobacteriia;o_Sphingobacteriales;f_Sphingobacteriaceae;g_Pedobacter;s_
OTU-52205;0;0;0;0;0;0;0;0;0;0;0;0;0;1;0;1;0;1;0;0;0;0;0;0;0;0;0;0;0;0;0;0;0;0;0;0;742;2.870403905;k_Bacteria;p_Firmicutes;c_Clostridia;o_Clostridiales;f_Clostridiaceae;g_Clostridium;s_
OTU-53216;0;1;0;1;0;1;0;0;0;0;0;0;0;0;0;0;0;0;0;0;0;0;0;0;0;0;0;0;0;0;0;0;0;0;0;0;543;2.73479983;k_Bacteria;p_Firmicutes;c_Clostridia;o_Clostridiales;f_[Tissierellaceae];g_Sedimentibacter;s_
OTU-53959;0;1;0;1;0;1;0;0;0;0;0;0;0;0;0;0;0;0;0;0;0;0;0;0;0;0;0;1;0;0;0;0;0;0;0;0;3507;3.544935766;k_Bacteria;p_Proteobacteria;c_Alphaproteobacteria;o_Caulobacterales;f_Caulobacteraceae;g_Brevundimonas;s_
OTU-544;0;0;1;0;1;0;0;0;0;0;0;0;0;0;0;0;0;0;0;0;0;0;0;0;0;0;0;0;0;0;0;0;0;0;0;0;1525;3.183269844;k_Bacteria;p_Actinobacteria;c_Thermoleophilia;o_Gaiellales;f_Gaiellaceae;g_;s_
OTU-547;1;0;0;0;0;0;0;0;0;0;0;0;0;0;0;0;0;0;0;0;0;0;0;0;0;0;1;0;0;0;0;0;0;0;0;0;2113;3.324899497;k_Bacteria;p_WPS-2;c_;o_;f_;g_;s_
OTU-56;0;1;0;0;0;0;0;0;0;0;0;0;0;0;0;0;0;0;0;0;0;0;0;0;0;1;0;1;0;1;0;0;0;0;0;0;22662;4.355298235;k_Bacteria;p_Proteobacteria;c_Betaproteobacteria;o_Methylophilales;f_Methylophilaceae;g_;s_
OTU-575;1;0;1;0;1;0;0;0;0;0;0;0;0;0;0;0;0;0;0;0;0;0;0;0;1;0;1;0;1;0;0;0;0;0;0;0;4653;3.667733053;k_Bacteria;p_Gemmatimonadetes;c_Gemmatimonadetes;o_Ellin5290;f_;g_;s_
OTU-581;0;0;0;0;0;0;0;0;0;0;0;0;1;0;0;0;0;0;0;0;0;0;0;0;0;0;0;0;0;0;0;0;0;0;0;0;3881;3.588943643;k_Bacteria;p_Chloroflexi;c_Thermomicrobia;o_JG30-KF-CM45;f_;g_;s_
OTU-60773;1;0;0;0;0;0;0;1;0;0;0;0;0;0;0;0;0;0;0;0;0;0;0;0;0;0;0;0;0;0;0;0;0;0;0;0;1216;3.084933575;k_Bacteria;p_Gemmatimonadetes;c_Gemm-3;o_;f_;g_;s_
OTU-616;0;0;0;0;1;0;0;0;0;0;0;0;0;0;0;0;0;0;0;0;0;0;0;0;0;0;0;0;0;0;0;0;0;0;0;0;2586;3.412628521;k_Bacteria;p_Actinobacteria;c_Thermoleophilia;o_Gaiellales;f_Gaiellaceae;g_;s_
OTU-62;0;0;1;0;0;0;0;0;0;0;0;0;0;0;0;0;0;0;0;0;0;0;0;0;0;0;0;0;0;0;0;0;0;0;0;0;9345;3.970579306;k_Bacteria;p_Actinobacteria;c_Actinobacteria;o_Actinomycetales;f_Mycobacteriaceae;g_Mycobacterium;s_
OTU-6375;0;1;0;0;0;1;0;0;0;0;0;0;0;0;0;0;0;0;0;0;0;0;0;0;0;0;0;0;0;0;0;0;0;0;0;0;2471;3.392872745;k_Bacteria;p_Proteobacteria;c_Gammaproteobacteria;o_Enterobacteriales;f_Enterobacteriaceae;g_Enterobacter;s_ludwigii
OTU-64;1;0;1;0;0;0;0;0;0;0;0;0;0;0;0;0;0;0;0;0;0;0;0;0;0;0;0;0;0;0;0;0;0;0;0;0;6618;3.820726763;k_Bacteria;p_Proteobacteria;c_Gammaproteobacteria;o_Xanthomonadales;f_Xanthomonadaceae;_;s_
OTU-6488;1;0;1;0;1;0;0;0;0;0;0;0;0;0;0;0;0;0;0;0;0;0;0;0;0;0;0;0;0;0;0;0;0;0;0;0;5126;3.709778602;k_Bacteria;p_Bacteroidetes;c_Flavobacteriia;o_Flavobacteriales;f_Cryomorphaceae;g_Fluviicola;s_
OTU-65;1;0;1;0;1;0;0;0;0;0;0;0;0;0;0;0;0;0;0;0;0;0;0;0;0;0;0;0;0;0;0;0;0;0;0;0;8248;3.916348652;k_Bacteria;p_Gemmatimonadetes;c_Gemm-3;o_;f_;g_;s_
OTU-651;0;0;1;0;0;0;0;0;0;0;0;0;0;0;0;0;0;0;0;0;0;0;0;0;0;0;0;0;0;0;0;0;0;0;0;0;3228;3.508933526;k_Bacteria;p_Gemmatimonadetes;c_Gemmatimonadetes;o_Ellin5290;f_;g_;s_
OTU-6517;1;0;1;0;1;0;0;0;0;0;0;0;0;0;0;0;0;0;0;0;0;0;0;0;0;0;0;0;0;0;0;0;0;0;0;0;2018;3.304921162;k_Bacteria;p_Gemmatimonadetes;c_Gemm-3;o_;f_;g_;s_
OTU-655;1;0;0;0;0;0;0;0;0;0;0;0;0;0;0;0;0;0;0;0;0;0;0;0;0;0;0;0;0;0;0;0;0;0;0;0;2175;3.337459261;k_Bacteria;p_Proteobacteria;c_Alphaproteobacteria;o_Rhodospirillales;f_Rhodospirillaceae;g_;s_
OTU-65580;0;1;0;1;0;1;0;0;0;0;0;0;0;1;0;1;0;1;0;0;0;0;0;0;0;0;0;0;0;0;0;0;0;0;0;0;483;2.683947131;k_Bacteria;p_Firmicutes;c_Clostridia;o_Clostridiales;_;_;s_
OTU-662;1;0;0;0;0;0;0;0;0;0;0;0;0;0;0;0;0;0;0;0;0;0;0;0;0;0;0;0;0;0;0;0;0;0;0;0;836;2.922206277;k_Bacteria;p_Acidobacteria;c_Acidobacteria-6;o_iii1-15;f_mb2424;g_;s_
OTU-67276;0;0;0;0;1;0;0;0;0;0;0;0;0;0;0;0;0;0;0;0;0;0;0;0;0;0;0;0;0;0;0;0;0;0;0;0;11864;4.074231138;k_Bacteria;p_Bacteroidetes;c_Sphingobacteriia;o_Sphingobacteriales;f_Sphingobacteriaceae;g_Pedobacter;s_
OTU-6832;0;0;0;0;0;0;0;0;0;0;0;0;0;1;0;1;0;1;0;0;0;0;0;0;0;0;0;0;0;0;0;0;0;0;0;0;603;2.780317312;k_Bacteria;p_Firmicutes;c_Bacilli;o_Bacillales;f_Bacillaceae;g_Bacillus;s_
OTU-69;1;0;1;0;0;0;0;0;0;0;0;0;0;0;0;0;0;0;0;0;0;0;0;0;0;0;0;0;0;0;0;0;0;0;0;0;14393;4.158151325;k_Bacteria;p_Proteobacteria;c_Deltaproteobacteria;o_Bdellovibrionales;f_Bacteriovoracaceae;g_Peredibacter;s_starrii
OTU-6900;0;1;0;1;0;1;0;0;0;0;0;0;0;0;0;0;0;0;0;0;0;0;0;0;0;0;0;0;0;0;0;0;0;0;0;0;619;2.791690649;k_Bacteria;p_Bacteroidetes;c_Sphingobacteriia;o_Sphingobacteriales;f_Sphingobacteriaceae;g_Sphingobacterium;s_mizutaii
OTU-691;0;1;0;1;0;1;0;0;0;0;0;0;0;0;0;0;0;0;0;0;0;0;0;0;0;0;0;0;0;0;0;0;0;0;0;0;6982;3.843979844;k_Bacteria;p_Proteobacteria;c_Deltaproteobacteria;o_Myxococcales;f_Cystobacteraceae;g_;s_
OTU-69281;0;1;0;1;0;0;0;0;0;0;0;0;0;0;0;0;0;0;0;0;0;0;0;0;0;0;0;0;0;0;0;0;0;0;0;0;7455;3.872447648;k_Bacteria;p_Proteobacteria;c_Gammaproteobacteria;o_Pseudomonadales;f_Pseudomonadaceae;g_Pseudomonas;s_
OTU-71;1;0;1;0;0;0;0;0;0;0;0;0;0;0;0;0;0;0;0;0;0;0;0;0;1;0;1;0;0;0;0;0;0;0;0;0;6046;3.781468143;k_Bacteria;p_Proteobacteria;c_Betaproteobacteria;o_Nitrosomonadales;f_Nitrosomonadaceae;g_;s_
OTU-75;0;0;0;0;0;0;0;0;0;0;0;0;0;0;0;0;0;0;0;0;0;0;0;0;0;1;0;0;0;0;0;0;0;0;0;0;16432;4.215690426;k_Bacteria;p_Proteobacteria;c_Alphaproteobacteria;o_Caulobacterales;f_Caulobacteraceae;_;s_
OTU-7588;0;1;0;1;0;1;0;0;0;0;0;0;0;0;0;0;0;0;0;0;0;0;0;0;0;0;0;0;0;0;0;0;0;0;0;0;4017;3.603901832;k_Bacteria;p_Chloroflexi;c_Anaerolineae;o_Anaerolineales;f_Anaerolinaceae;g_Anaerolinea;s_
OTU-77;1;0;1;0;1;0;0;0;0;0;0;0;0;0;0;0;0;0;0;0;0;0;0;0;0;0;0;0;0;0;0;0;0;0;0;0;31960;4.504606771;k_Bacteria;p_Bacteroidetes;c_Flavobacteriia;o_Flavobacteriales;f_Flavobacteriaceae;g_Flavobacterium;s_succinicans
OTU-77215;1;0;1;0;0;0;0;0;0;0;0;0;0;0;0;0;0;0;0;0;0;0;0;0;0;0;0;0;0;0;0;0;0;0;0;0;2541;3.405004665;k_Bacteria;p_Bacteroidetes;c_Sphingobacteriia;o_Sphingobacteriales;f_Sphingobacteriaceae;g_;s_
OTU-78;0;0;0;0;1;0;0;0;0;0;0;0;0;0;0;0;0;0;0;0;0;0;0;0;0;0;0;0;0;0;0;0;0;0;0;0;32232;4.508287254;k_Bacteria;p_Proteobacteria;c_Alphaproteobacteria;o_Rhizobiales;f_Hyphomicrobiaceae;g_Devosia;s_
OTU-79625;0;0;0;0;0;0;0;0;0;0;0;0;1;0;1;0;1;0;0;0;0;0;0;0;0;0;0;0;0;0;0;0;0;0;0;0;6395;3.805840549;k_Bacteria;p_Firmicutes;c_Bacilli;o_Bacillales;f_Planococcaceae;_;s_
OTU-81517;0;0;0;0;0;0;0;0;0;0;0;0;0;0;0;0;0;0;0;0;0;0;0;0;1;0;1;0;0;0;0;0;0;0;0;0;2633;3.420450859;k_Bacteria;p_Proteobacteria;c_Alphaproteobacteria;o_Sphingomonadales;f_Sphingomonadaceae;g_Sphingomonas;s_
OTU-8295;1;0;1;0;1;0;0;0;0;0;0;0;0;0;0;0;0;0;0;0;0;0;0;0;0;0;0;0;0;0;0;0;0;0;0;0;1455;3.162862993;k_Bacteria;p_Gemmatimonadetes;c_Gemm-3;o_;f_;g_;s_
OTU-83;0;1;0;1;0;1;0;0;0;0;0;0;0;0;0;0;0;0;0;0;0;0;0;0;0;1;0;1;0;1;0;0;0;0;0;0;28178;4.449910165;k_Bacteria;p_Proteobacteria;c_Deltaproteobacteria;o_Myxococcales;f_Myxococcaceae;g_Anaeromyxobacter;s_
OTU-836;1;0;1;0;0;0;0;0;0;0;0;0;0;0;0;0;0;0;0;0;0;0;0;0;0;0;0;0;0;0;0;0;0;0;0;0;2969;3.472610198;k_Bacteria;p_Proteobacteria;c_Gammaproteobacteria;o_Alteromonadales;f_211ds20;g_;s_
OTU-849;0;0;0;0;0;0;0;0;0;0;0;0;0;0;0;0;0;0;0;0;0;0;0;0;0;0;0;1;0;1;0;0;0;0;0;0;2363;3.373463722;k_Bacteria;p_Proteobacteria;c_Betaproteobacteria;o_Burkholderiales;f_Alcaligenaceae;_;s_
OTU-8554;0;1;0;1;0;1;0;0;0;0;0;0;0;0;0;0;0;0;0;0;0;0;0;0;0;0;0;0;0;0;0;0;0;0;0;0;1116;3.047664195;k_Bacteria;p_Firmicutes;c_Clostridia;o_Clostridiales;f_Ruminococcaceae;g_Clostridium;s_
OTU-87;0;1;0;1;0;1;0;0;0;0;0;0;0;1;0;1;0;1;0;0;0;0;0;0;0;0;0;0;0;0;0;0;0;0;0;0;2399;3.380030248;k_Bacteria;p_Firmicutes;c_Clostridia;o_Clostridiales;f_Lachnospiraceae;_;s_
OTU-8829;0;1;0;1;0;1;0;0;0;0;0;0;0;1;0;1;0;1;0;0;0;0;0;0;0;0;0;0;0;0;0;0;0;0;0;0;2099;3.322012439;k_Bacteria;p_Firmicutes;c_Clostridia;o_Clostridiales;f_Peptococcaceae;g_Desulfosporosinus;s_meridiei
OTU-89;0;1;0;1;0;1;0;0;0;0;0;0;0;1;0;1;0;1;0;0;0;0;0;0;0;0;0;0;0;0;0;0;0;0;0;0;24630;4.391464412;k_Bacteria;p_Firmicutes;c_Clostridia;o_Clostridiales;f_Gracilibacteraceae;_;s_
OTU-89425;0;0;0;0;0;0;0;0;0;0;0;0;0;0;0;0;1;0;0;0;0;0;0;0;0;0;0;0;0;0;0;0;0;0;0;0;7120;3.852479994;k_Bacteria;p_Firmicutes;c_Bacilli;o_Bacillales;f_Bacillaceae;g_Bacillus;s_badius
OTU-89997;0;0;0;0;0;0;0;0;0;0;0;0;1;0;1;0;1;0;0;0;0;0;0;0;0;0;1;0;0;0;0;0;0;0;0;0;7466;3.873087986;k_Bacteria;p_Firmicutes;c_Bacilli;o_Bacillales;f_Paenibacillaceae;g_Paenibacillus;s_
OTU-9;1;0;1;0;1;0;0;0;0;0;0;0;0;0;0;0;0;0;0;0;0;0;0;0;1;0;1;0;1;0;0;0;0;0;0;0;26357;4.420895977;k_Bacteria;p_Gemmatimonadetes;c_Gemm-3;o_;f_;g_;s_
OTU-92;1;0;1;0;1;0;0;0;0;0;0;0;0;0;0;0;0;0;0;0;0;0;0;0;0;0;0;0;0;0;0;0;0;0;0;0;9720;3.987666265;k_Bacteria;p_Planctomycetes;c_Planctomycetia;o_Pirellulales;f_Pirellulaceae;g_;s_
OTU-93;1;0;0;0;0;0;0;0;0;0;0;0;0;0;0;0;0;0;0;0;0;0;0;0;0;0;0;0;0;0;0;0;0;0;0;0;31563;4.499178275;k_Bacteria;p_Bacteroidetes;c_Sphingobacteriia;o_Sphingobacteriales;f_Sphingobacteriaceae;g_;s_
OTU-93890;1;0;0;0;0;0;0;0;0;0;0;0;0;0;0;0;0;0;0;0;0;0;0;0;0;0;0;0;0;0;0;0;0;0;0;0;691;2.839478047;k_Bacteria;p_TM7;c_TM7-1;o_;f_;g_;s_
OTU-98;1;0;1;0;1;0;0;0;0;0;0;0;0;0;0;0;0;0;0;0;0;0;0;0;0;0;0;0;0;0;0;0;0;0;0;0;5981;3.776773802;k_Bacteria;p_Bacteroidetes;c_[Saprospirae];o_[Saprospirales];f_Chitinophagaceae;g_Chitinophaga;s_
